label,status,variants,gnd_candidates,wikidata_candidates,resolved_gnd_id,resolved_wikidata_id,resolved_label,notes
Aaron,ambiguous,Aaron,"102417857|Aaron, Coloniensis|0.714 || 106724610X|Scotch, Aaron|0.588 || 118986481|Copland, Aaron|0.588 || 1036341909|Blabey, Aaron|0.588 || 135542588|McLean, Aaron|0.588","Q905085|Aaron|1.000|male given name || Q301610|Aaron|1.000|family name || Q66619221|Aaron|1.000|name: given name and family name || Q51676|Aaron|1.000|male human biblical and quranic figure, brother of Moses || Q66615366|Aharon / Aaron|1.000|male given name (אהרן)",,,,
Abraham,ambiguous,Abraham,"122066073|Nethe, Abraham|0.737 || 119177323|Calov, Abraham|0.700 || 128552123|Kämpffe, Abraham|0.667 || 11976959X|Musculus, Abraham|0.667 || 1089382391|Bickhart, Abraham|0.667",Q17997608|Abraham|1.000|male given name || Q13367920|Abraham|1.000|family name || Q9181|Abraham|1.000|Hebrew patriarch according to the Hebrew Bible || Q108584749|Abraham|1.000|archbishop of Kerkūk (Chaldean) || Q98045372|Abraham|1.000|name,,,,
Adam,ambiguous,Adam,1064951899|Adam|1.000 || 1203661770|Adam|1.000 || 1157873146|Adam|1.000 || 130855073|Adam|1.000 || 132666170|Adam|1.000,"Q347181|Adam|1.000|male given name || Q10379699|Adam|1.000|family name || Q70899|Adam|1.000|first man according to the Abrahamic creation and religions such as Judaism, Christianity and Islam || Q28149770|Design Museum Brussels|1.000|design museum in Brussels || Q5|human|1.000|any single member of Homo sapiens, unique extant species of the genus Homo",,,,
Alexander I. von Alexandria,no_match,Alexander I. von Alexandria;Alexander I. of Alexandria;Alexander I. from Alexandria,,,,,,
Ammon von Hadrianopolis,no_match,Ammon from Hadrianopolis;Ammon von Hadrianopolis;Ammon of Hadrianopolis,,,,,,
Anastasios (Presbyter in Konstantinopel),ambiguous,Anastasios,"1076279953|Gurgurinēs, Anastasios|0.413 || 1223119963|Aslanidēs, Anastasios|0.400 || 116510366|Chrēstomanos, Anastasios|0.381 || 1179840445|Polychroniadēs, Anastasios|0.364 || 1185784101|Babuskos, Anastasios|0.351","Q486886|Anastasios Giannoulatos|0.567|former Primate of Orthodox Autocephalous Church of Albania, Member of Academy of Athens, President of World Council of Churches, Honorary President of Religions for Peace || Q61626649|Anastasios Markou|0.509|researcher ORCID ID = 0000-0002-0812-6818 || Q486872|Anastasios Soulis|0.509|actor || Q2845537|Anastasios Bakasetas|0.483|Greek association football player || Q173470|Anastasius I|0.480|Byzantine Emperor from 491 to 518",,,,
"Äneas (Apg 9,34)",ambiguous,Äneas,"135184517|V., Aeneas|0.609 || 11850083X|Äneas|0.571 || 104114584|Aeneas, Vulpes|0.571 || 1089759924|Aeneas, Vulpes|0.571 || 118647148|Aeneas, Gazaeus|0.552","Q82732|Aeneas|0.571|Trojan hero, son of Anchises and Aphrodite || Q136740|1172 Äneas|0.571|asteroid || Q405969|Aeneas Tacticus|0.533|4th century BC Greek writer || Q146572|Typha angustifolia|0.500|species of plant || Q112148738|Aneas|0.500|",,,,
Antiochos von Ptolemais,no_match,Antiochos from Ptolemais;Antiochos von Ptolemais;Antiochos of Ptolemais,,,,,,
Antiochus (praefectus praetorio Orientis),ambiguous,Antiochus,"102379963|Antiochus, Eparches|0.870 || 102379971|Antiochus, Ptolemaeus|0.600 || 102379939|Antiochus, Aegaeus|0.594 || 118503421|Antiochus, Ascalonius|0.590 || 102379998|Antiochus VIII., Seleukidenreich, König|0.590","Q3618741|Antiochus Chuzon|0.509|Roman consul || Q222930|Antiochus II Theos|0.421|king of Seleucid Empire from 261 BC to 246 BC || Q1122084|Antiochus|0.375|Roman politician, pretorian prefect || Q30939265|Antiochus|0.375|Roman general under Constantius II || Q2045778|Antiochus|0.375|Seleucid prince (221 BC–193 BC)",,,,
Antiochus (praefectus praetorio Illyriens),ambiguous,Antiochus,"102379963|Antiochus, Eparches|0.857 || 102379998|Antiochus VIII., Seleukidenreich, König|0.642 || 102379971|Antiochus, Ptolemaeus|0.592 || 102379939|Antiochus, Aegaeus|0.554 || 118503421|Antiochus, Ascalonius|0.548","Q3618741|Antiochus Chuzon|0.500|Roman consul || Q222930|Antiochus II Theos|0.414|king of Seleucid Empire from 261 BC to 246 BC || Q1122084|Antiochus|0.367|Roman politician, pretorian prefect || Q30939265|Antiochus|0.367|Roman general under Constantius II || Q2045778|Antiochus|0.367|Seleucid prince (221 BC–193 BC)",,,,
Apolinarios von Laodikea,no_match,Apolinarios of Laodikea;Apolinarios von Laodikea;Apolinarios from Laodikea,,,,,,
Apollos,ambiguous,Apollos,"124204961|Apollos|1.000 || 1055151931|Bajbakov, Andrej D.|1.000 || 132741725|Oji, Apollos|0.778 || 1044117729|Ivanov, Apollos Feodosʹevič|0.667 || 1051680204|Ivanov, Apollos Feodosʹevič|0.667",Q335114|Apollos|1.000|early Christian proselytizer from Alexandria || Q4068067|Apollos|1.000| || Q4068066|Apollos|1.000| || Q113376977|Apollos|1.000|imprint of InterVarsity Press || Q55849|Apollosa|0.933|Italian comune,,,,
Apringios von Chalkis,no_match,Apringios von Chalkis;Apringios of Chalkis;Apringios from Chalkis,,,,,,
Archelaos von Myndos,no_match,Archelaos from Myndos;Archelaos of Myndos;Archelaos von Myndos,,,,,,
Arius,ambiguous,Arius,"118645781|Arius, Haeresiarcha|1.000 || 128054042|Arius|1.000 || 174177143|Arius, Claus|0.625 || 102381933|Arius, Tarsensis|0.556 || 119362805|Arius, Didymus|0.556",Q2141569|Arius|1.000|genus of fishes || Q106026|Arius|1.000|Cyrenaic presbyter and founder of Arianism (died 336) || Q53858330|Arius|1.000|ancient Roman nomen || Q131143355|Arius|1.000|family name || Q3130572|Henri Arius|1.000|French actor (1897-1968),,,,
Athanasius von Alexandria,ambiguous,Athanasius from Alexandria;Athanasius von Alexandria;Athanasius of Alexandria,"118504843|Athanasius, Alexandrinus, Heiliger|0.848","Q44024|Athanasius of Alexandria|1.000|Pope of Alexandria from 328 to 373 (296–373) || Q122330947|Sant'Attanasio e di San Rocco|0.939|religious building in Barile, Italy || Q123586528|Sant'Atanasio|0.939|religious building in Monte Sabinese, Carsoli, Italy || Q121792070|Sant'Anastasio|0.939|religious building in Camerino, Italy || Q118613594|Sant'Atanasio il Grande|0.939|religious building in Santa Sofia d'Epiro, Italy",,,,
Augustus,ambiguous,Augustus,"119518252|Augustus, Louis|0.889 || 1011174626|Napier, Augustus|0.696 || 138328935|Metzler, Augustus|0.696 || 14199049X|Harris, Augustus|0.696 || 1056128453|Peirce, Augustus|0.696","Q770041|Augustus|1.000|male given name || Q1405|Augustus|1.000|first emperor of the Roman Empire and founder of the Julio-Claudian dynasty || Q211804|Augustus|1.000|imperial rank, honorific and title || Q37552744|Augustus|1.000|family name || Q113574811|Augustus|1.000|name",,,,
Barnabas,ambiguous,Barnabas,"118652559|Barnabas|1.000 || 1051303125|Barnabas, Franciscus|1.000 || 1202627498|Nwoye, Barnabas|1.000 || 102554625|Barnabas, Sassoni|0.762 || 1127354663|Koch, Barnabas|0.762",Q18978281|Barnabas|1.000|male given name || Q185856|Barnabas|1.000|early Christian disciple and bishop || Q37300194|Barnabas|1.000|family name || Q4103932|Barnabas|1.000|Russian Orthodox bishop (1957–) || Q60786073|Barnabás|0.875|male given name,,,,
Baruch,ambiguous,Baruch,"171769015|Baruch, Yehuda|0.857 || 1249243386|Baruch, Jacob|0.857 || 1233694782|Baruch, Lili|0.706 || 116075899|Baruch, Jakob|0.667 || 1270531786|Osnia, Baruch|0.667",Q9166352|Baruch|1.000|male given name || Q37237941|Baruch|1.000|family name || Q599907|Baruch ben Neriah|1.000|biblical figure || Q211746|Book of Baruch|1.000|deuterocanonical book of the Bible in some Christian traditions || Q104412507|Baruch|1.000|male given name (ברוך),,,,
Basilius von Konstantinopel (Diakon),no_match,Basilius of Konstantinopel;Basilius von Konstantinopel;Basilius from Konstantinopel,,,,,,
Benjamin,ambiguous,Benjamin,"1076345077|Benjamin|1.000 || 123635098|Benjamin|1.000 || 103773452|Lees, Benjamin|0.762 || 116786930|Heyden, Benjamin|0.727 || 120481553|Rudijard, Benjamin|0.696","Q817365|Benjamin|1.000|family name || Q817379|Benjamin|1.000|city in and county seat of Knox County, Texas, United States || Q460763|Benjamin|1.000|Biblical character || Q21393419|Suresh P. Benjamin|1.000|Sri Lankan arachnologist || Q2780766|Benjamin|1.000|census-designated place in Utah County, Utah, United States",,,,
Buphas Martyrios (Diakon),no_match,Buphas Martyrios,,,,,,
Chairemon (Ankläger Kyrills),ambiguous,Chairemon,"119194155|Chairemon, von Alexandrien|0.655 || 102384533|Chaeremon, Tragicus|0.622 || 1157188516|Chaeremon, Alexandrinus|0.571 || 102384525|Chaeremon, Epigrammaticus|0.549","Q897689|Chaeremon of Alexandria|0.549|Stoic philosopher, historian, and grammarian || Q1108102|Chaeremon|0.500|4th century BC Greek dramatist and poet || Q2972090|Chaeremon|0.500|Wikimedia disambiguation page || Q12886000|Chaeremon|0.500|Athenian admiral || Q50964087|Chairemon 5 (Pauly-Wissowa)|0.500|encyclopedic article in Paulys Realencyclopädie der classischen Altertumswissenschaft (RE)",,,,
David,ambiguous,David,"1139507419|David|1.000 || 1157860907|David|1.000 || 1157869106|David|1.000 || 1014388422|David, Boschus|0.667 || 11535218X|Pötzsch, David|0.588",Q18057751|David|1.000|male given name || Q12652673|David|1.000|family name || Q41370|David|1.000|king of Israel and Judah || Q55810549|David|1.000|fictional character in the film series Underworld || Q179900|David|1.000|sculpture by Michelangelo,,,,
Dionysius (Konsul),ambiguous,Dionysius,"104348224|Dionysius, Monachus|0.828 || 102391246|Dionysius, Scymnaeus|0.727 || 10239122X|Dionysius, Empiricus|0.706 || 102391300|Dionysius, Leptus|0.706 || 102391238|Dionysius, Cyrtus|0.688",Q244380|Denis|0.743|3rd-century Bishop of Paris and saint || Q18606276|Dionysius|0.720|male given name || Q12899661|Dionysius|0.720|Wikimedia disambiguation page || Q131162|Dionysius|0.720|Pope and bishop of Rome from 259 to 268 || Q1227005|Dionysius|0.720|lunar crater,,,,
Elija,ambiguous,Elija,"118529811|Elija|1.000 || 135308860|Elija|1.000 || 1043071458|Horn, Elija|0.667 || 127856978|Kliēhe, Elija|0.588 || 132923750|Boßler, Elija|0.556",Q133507|Elijah|1.000|Biblical prophet || Q18375379|Elija|1.000|male given name || Q17123013|Elija|1.000|Austrian songwriter || Q19827682|Elijah|0.909|male given name || Q483771|Elijah Wood|0.625|American actor,,,,
Elisabeth,ambiguous,Elisabeth,"1227855672|Elisabeth|1.000 || 1070885010|Elisabeth|1.000 || 1376660806|Elisabeth|1.000 || 133389855|Finck, Elisabeth|0.783 || 121591751|Niska, Elisabeth|0.783","Q17524931|Elisabeth|1.000|female given name || Q235849|Elizabeth|1.000|mother of John the Baptist and the wife of Zacharias/Zachary, according to the Gospel of Luke || Q5361413|Elisabeth|1.000|1990 studio album by Elisabeth Andreassen || Q63611044|Elisabeth|1.000|family name || Q385468|Elizabeth|1.000|female given name",,,,
Ezechiel,ambiguous,Ezechiel,"104120800|Meth, Ezechiel|0.762 || 138455007|Beier, Ezechiel|0.762 || 118682903|Ezechiel, Tragicus|0.762 || 123817285|Ludwig, Ezechiel|0.696 || 1068921196|Sýkora, Ezechiel|0.696",Q18916889|Ezechiel|1.000|male given name || Q108482894|Ezechiel|1.000|Roman Catholic bishop || Q178390|Ezekiel|1.000|book of the Hebrew Bible || Q194064|Ezekiel|1.000|biblical prophet and main figure of the Book of Ezekiel || Q994364|Ezechiele|0.941|male given name,,,,
Fabius (westlicher Bischof),ambiguous,Fabius,"102387516|Fabius, Antiochenus|0.605 || 102393362|Fabius, Rusticus|0.600 || 102393397|Fabius, Ceryllianus|0.571 || 128973641|Astocius, Fabius|0.550 || 1185123717|Fabius, Gaius|0.540","Q1390613|Fabrizio Barile|0.400|Italian actor || Q32979142|Fabius|0.387|ancient Roman nomen || Q23731272|Fabius|0.387|family name || Q28945657|Fabius|0.387|male given name || Q2838045|Fabius|0.387|town in Onondaga County, New York, United States",,,,
Flavian („Betrüger“; Ankläger Kyrills),ambiguous,Flavian,"1211834514|Flavian, Pater|0.458 || 1158754949|Dobrjanskij, Flavian Nikolaevič|0.438 || 1041280408|Dobrjanskij, Flavian N.|0.438 || 1225309026|Flavian, Heidi|0.417 || 1356594409|Tschurr, Flavian|0.386",Q936024|Flaviano Vicentini|0.453|Italian cyclist (1942–2002) || Q509569|Flavian of Constantinople|0.433|Archbishop of Constantinople || Q10282741|Flaviano Melo|0.417|Brazilian politician || Q20108112|Flavianus|0.409|ancient Roman cognomen and agnomen || Q104622224|Flaviana|0.372|female given name,,,,
Flavian von Philippi,no_match,Flavian von Philippi;Flavian of Philippi;Flavian from Philippi,,,,,,
"Florentius, Konsul",ambiguous,"Florentius, Konsul;Florentius","119248328|Florentius, Wigorniensis|0.778 || 10239363X|Florentius|0.741 || 100941346|Florentius, Radewijns|0.727 || 136117325|Florentius, Radewynsz|0.722 || 10098908X|Florentius, Batavus|0.686","Q21143213|Florentius|0.741|male given name || Q1001940|Florentius|0.741|Roman praetorian prefect and consul || Q12347877|Florentinus|0.741|Christian martyr || Q3745904|Florentius|0.741|saint and martyr || Q3655918|Florentius|0.741|Roman politician, consul 429",,,,
Florus (Italienischer Bischof),ambiguous,Florus,"100136907|Florus|0.537 || 104356898|Iulius, Florus|0.537 || 131928899|Florus, Nicolaus|0.526 || 1243968915|Florus, Nicolaus|0.522 || 133434575|Florus, Otto|0.513",Q3074419|Florus|0.400| || Q15621261|Florus|0.353|male given name || Q96078389|Florus|0.353|genus of insects || Q316483|Lucius Annaeus Florus|0.353|2nd century Roman historian and poet || Q104413655|Florus|0.353|ancient Roman cognomen,,,,
Gregor von Neocaesarea,no_match,Gregor of Neocaesarea;Gregor from Neocaesarea;Gregor von Neocaesarea,,,,,,
Habakuk,ambiguous,Habakuk,"118639439|Habakuk|1.000 || 107933187|Habakuk|1.000 || 1062377532|Rothstein, Arminio|1.000 || 1016947321|Kralik, Emil|1.000 || 1055468110|Habacuc, Propheta|1.000",Q135106|Habakkuk|1.000|biblical prophet associated to the Book of Habakkuk || Q19796070|Habakuk|1.000|given name || Q34026032|Habakuk|1.000|family name || Q1566687|Habakuk|1.000|German pop/gospel band || Q94896768|Emil Kralik|1.000|journalist and politician from Austria,,,,
Heliades von Zeugma,no_match,Heliades from Zeugma;Heliades of Zeugma;Heliades von Zeugma,,,,,,
Irenaeus von Tyros (comes),ambiguous,Irenaeus von Tyros;Irenaeus of Tyros;Irenaeus from Tyros,"10239637X|Irenaeus, Tyrius|0.857",Q3154702|Irenaeus of Tyre|0.857|comes (5th century),,,,
Isaak,ambiguous,Isaak,"139881522|Zeggin, Isaak|0.625 || 1156471826|Nathan, Isaak|0.625 || 136576168|Pader, Isaak|0.625 || 1069597589|Riehm, Isaak|0.625 || 1199568414|Birev, Isaak|0.625",Q581723|Isaak|1.000|male given name || Q37187061|Isaak|1.000|family name || Q39033826|Isaak|1.000|male given name (Исаак) || Q671872|Isaac|1.000|Biblical character || Q124569322|Isaak|1.000|German singer,,,,
Jakob,ambiguous,Jakob,"133278786|Bendl, Jakob|0.625 || 122324595|Dachser, Jakob|0.625 || 131999133|Compenius, Jakob|0.588 || 133758737|Eisele, Jakob|0.588 || 142014400|Streun, Jakob|0.588","Q16747395|Jakob|1.000|male given name || Q1678872|Jakob|1.000|family name || Q108546914|Jakob|1.000|bishop of the roman-catholic church || Q10539290|Jakob parish|1.000|parish in Sweden || Q289957|Jacob|1.000|in Genesis, a son of Isaac, also known as Israel; the patriarch of the Israelites",,,,
Jakobus,ambiguous,Jakobus,"1065615469|Jakobus, Kathrin|0.875 || 124222048|Kaffanke, Jakobus|0.667 || 132176610|Helchis, Jakobus|0.667 || 136287999|Wilhelm, Jakobus C.|0.636 || 137500300|Klonk, Erhardt Jakobus|0.636","Q21142021|Jakobus|1.000|male given name || Q83359313|Jakobus|1.000|family name || Q131097|Epistle of James|1.000|book of the New Testament attributed to James || Q41150|Way of Saint James|0.824|Catholic pilgrimage to Santiago de Compostela, Spain || Q1375551|Jacobus Houbraken|0.583|Dutch engraver (1698-1780)",,,,
Johannes (Evangelist),ambiguous,Johannes,1294201425|Johannes|0.743 || 1210059096|Johannes|0.722 || 1295925338|Johannes|0.703 || 1299778372|Johannes|0.649 || 1290802238|Johannes|0.649,"Q2504914|Johannes Müller Argoviensis|0.629|Swiss botanist (1828–1896) || Q40662|John the Baptist|0.615|1st-century Jewish itinerant preacher (Bible) || Q682739|Johannes Kepler University Linz|0.596|public university in Linz, Austria || Q2117521|Johannes|0.593|male given name || Q44015|John the Apostle|0.593|apostle of Jesus; son of Zebedee and Salome, brother of James; traditionally identified with John the Evangelist, John of Patmos, and the Beloved Disciple",,,,
Johannes Chrysostomos,ambiguous,Johannes Chrysostomos,"118821563|Blaschkewitz, Johannes Chrysostomus|1.000 || 118557831|Johannes, Chrysostomus|1.000 || 1077624743|Dahm, Chrysostomus|0.894 || 1089696310|Helbling, Johannes Chrysostomos|0.824 || 1079037667|Klos, Johannes|0.792","Q43706|John Chrysostom|1.000|Church Father, Archbishop of Constantinople and Christian saint (c. 347–407) || Q27698903|Saint John Chrysostom|1.000|painting by Pedro de Orrente || Q1697350|Johannes C. Weiss|0.875| || Q1697080|St. John Chrysostom Church|0.857|Wikimedia disambiguation page || Q29256434|Joannes Chrysostomus Teniers|0.840|Flemish Catholic abbot and poet",,,,
Johannes von Antiochia,ambiguous,Johannes from Antiochia;Johannes von Antiochia;Johannes of Antiochia,"1147232741|Johannes, von Antiochia|1.000 || 118902733|Johannes, Antiochenus, Chronista|1.000 || 100968546|Johannes, Oxites|1.000 || 118940295|Johannes, Malalas|1.000","Q1284149|John of Antioch|1.000|patriarch of Antioch, c. 428–441 || Q1698725|John of Antioch|1.000|late-antique historian",,,,
Joschija,ambiguous,Joschija,"118639978|Joschija, Juda, König|0.571",Q313228|Josiah|1.000|King of Judah || Q1704098|Joschija|1.000|,,,,
Joseph,ambiguous,Joseph,"133773256|Fichtl, Joseph|0.632 || 130591122|Glöggl, Joseph|0.632 || 133803570|Fichtl, Joseph|0.632 || 133773353|Fichtl, Joseph|0.632 || 1063746922|Capeller, Joseph|0.632","Q471788|Joseph|1.000|male given name || Q15297160|Joseph|1.000|family name || Q128267|Joseph|1.000|Christian saint; husband of Mary and father of Jesus || Q145746|Joseph|1.000|Biblical figure, son of Jacob and Rachel and governor of Egypt during the late Hyksos dynasty || Q666954|Josephine|0.800|female given name",,,,
Judas,ambiguous,Judas,"117219894|Judas, August|0.714 || 117219924|Judas, Auguste Célestin|0.714 || 118886673|Judas, Makkabäus|0.625 || 1019457643|Judas, Harald|0.588 || 118713337|Judas, Thaddäus|0.556","Q922088|Judas|1.000|male given name || Q37247828|Judas|1.000|family name || Q2464332|Jude|1.000|one of the brothers/cousins of Jesus according to the New Testament || Q131466|Epistle of Jude|1.000|epistle in the New Testament attributed to to Jude, brother of James || Q188766|Judas|1.000|2011 single by Lady Gaga",,,,
Kefas (s. auch Petrus),ambiguous,Kefas,"118593323|Petrus, Apostel, Heiliger|0.516 || 1320992447|Baiyi, Kefas Luka|0.400 || 1320687830|Baiyi, Kefas Luka|0.400 || 1344886310|Lamak, Kefas|0.333","Q131680663|Kefas Japhet|0.645|Nigerian politician || Q26472797|Kefasi Chitsala|0.588|Malawian long-distance runner || Q6383404|Kefashen|0.518|place in Syunik, Armenia || Q5063496|Cephas of Iconium|0.471|orthodox saint || Q136431352|Kefas Brand|0.467|Ugandan actor and model",,,,
Kyrill,ambiguous,Kyrill,"1089249527|Schaefer, Kyrill|0.571 || 173534457|Schwegler, Kyrill I. M.|0.545 || 114103372|Schwarz, Kyrill-Alexander|0.545 || 13769685X|Maljantovič, Kyrill G.|0.522 || 127904212|Philippoff, Kyrill|0.522",Q674360|Kirill|1.000|male given name (Кирилл) || Q4221339|Kirill|1.000|male given name || Q4221324|Kyrill|1.000|Eastern Orthodox archbishop || Q44187|Kirill I of Moscow|0.857|21st-century primate of the Russian Orthodox Church || Q51954439|Kyrillos|0.857|male given name (Κύριλλος),,,,
Kyros,ambiguous,Kyros,"1356303307|Kyros, Peter N.|0.625 || 1071831364|Kyru, Kyros A.|0.588 || 1362653268|Khadjavi, Kyros|0.526 || 1157330592|Massarrat-Mechedi, Kyros|0.500 || 124751415|Kyros I., Iran, König|0.500",Q19816333|Kyros|1.000|male given name || Q110742039|Kyros|1.000|family name || Q602803|Kyros|1.000|Wikimedia disambiguation page || Q25410181|Kyros|1.000|1986 video game || Q1286832|Kyros of Constantinople|1.000|Ecumenical Patriarch of Constantinople from 705 to 712,,,,
Laban,ambiguous,Laban,"1017911754|Laban, ʿAlī|0.769 || 116635134|Laban, Ferdinand|0.667 || 138995524|Laban, Simon|0.625 || 1051785707|Laban, Juana de|0.625 || 1266493808|Ochuka, Laban|0.588","Q13094561|Laban|1.000|village in Gresik Regency, East Java, Indonesia || Q840401|Laban|1.000|son of Bethuel, brother of Rebekah described in the Book of Genesis || Q12493302|Laban|1.000|village in Purworejo Regency, Central Java, Indonesia || Q12493301|Laban|1.000|village in Kendal Regency, Central Java, Indonesia || Q12493300|Laban|1.000|village in Sukoharjo Regency, Central Java, Indonesia",,,,
Livania (Witwe),ambiguous,Livania,,"Q60284236|Livania|0.700|Byzantine actor || Q21773506|Livaniana, Chania|0.621|human settlement in Greece || Q137954318|Livania M Lerin Kiste C M e I|0.524|school in Sarandi",,,,
Makarios von Laodikea,no_match,Makarios von Laodikea;Makarios from Laodikea;Makarios of Laodikea,,,,,,
Matthäus,ambiguous,Matthäus,"129102261|Weyse, Matthäus|0.783 || 121939510|Aquilius, Matthaeus|0.750 || 129002488|Pocarus, Matthäus|0.750 || 125000006|Hörnigk, Matthäus|0.720 || 1266468196|Dörffel, Matthäus|0.692",Q17483971|Matthäus|1.000|male given name || Q18092125|Matthäus|1.000|family name || Q43600|Matthew the Apostle|1.000|Christian evangelist and apostle || Q392302|Gospel of Matthew|1.000|book of the New Testament || Q21148298|Matthaus|0.941|given name,,,,
Melchisedek,ambiguous,Melchisedek,"118580515|Melchisedek|1.000 || 1159035806|Melchisedec Bischof v. Huşi|1.000 || 119748967|Lutz, Melchisedek|0.815 || 119553244|Melchisedek, Starez|0.759 || 1162142855|Chétima, Melchisedek|0.733",Q219395|Melchizedek|1.000|biblical person; King of Salem and priest of the Most High (Gen. 14) || Q4289712|Melchisedek|1.000| || Q12866762|Melchisedek|1.000| || Q58677357|Melchisedech|1.000|sculpture by Jacques Bergé || Q4289713|Melkhisedek|0.909|,,,,
Mose,ambiguous,Mose,"124456073|Mose, Ingo|0.800 || 1037506200|Mose, Hans|0.615 || 1044250801|Mose, Martin|0.533 || 1116968150|Mose, Deacon|0.533 || 115388591|Moese, Willy|0.533",Q90733312|Mose|1.000|male given name || Q37450047|Mose|1.000|family name || Q9077|Moses|1.000|Abrahamic prophet said to have led the Israelites out of Egypt || Q1681353|bog|1.000|wetland that accumulates peat due to incomplete decomposition of plant leftovers || Q13554012|Moses|0.889|male given name,,,,
Nathanael,ambiguous,Nathanael,"120630230|Carolus, Nathanael|0.783 || 141322225|Butner, Nathanael|0.720 || 1053491786|Pezold, Nathanael|0.720 || 119859270|Vilter, Nathanael|0.720 || 1122857500|Pownall, Nathanael|0.720",Q19968240|Nathanael|1.000|male given name || Q43982|Bartholomew the Apostle|1.000|Christian apostle and martyr || Q1359769|Nathanael|1.000|Follower of Jesus || Q122421573|Nathanael|1.000|family name || Q106886038|Nathanaël|0.889|male given name,,,,
Nikodemus,ambiguous,Nikodemus,"131432737|Nikodemus, Paul|0.900 || 129170763|Herger, Nikodemus|0.720 || 115621288X|Geßele, Nikodemus|0.692 || 116158662|Kerameus, Nikodemus|0.692 || 123259991|Richter, Nikodemus|0.692","Q1509245|Nikodemus|1.000|male given name || Q83374185|Nikodemus|1.000|family name || Q295084|Nicodemus|1.000|Pharisee, biblical figure appearing in the Gospel of John || Q112317657|Hauptplatz 10, Purkersdorf|1.000| || Q43016015|Nicodemus|1.000|Italian sculptor (1150-1166)",,,,
Noah,ambiguous,Noah,"134822064|Noah, Yannick|1.000 || 1052802583|Klotzsche, Noah|1.000 || 1235094448|Khun Noah|0.615 || 119720876|Janus, Noah|0.615 || 1374015032|Beery, Noah|0.571","Q19819780|Noah|1.000|male given name || Q81422|Noah|1.000|biblical prophet, son of Lamech, major figure in the Book of Genesis || Q1379338|Noah|1.000|Indonesian pop rock band || Q26972634|Noah|1.000|family name || Q286868|Noah|1.000|2014 film directed by Darren Aronofsky",,,,
Optimus,ambiguous,Optimus,"108961103X|Optimus, Philosophus|0.583 || 102388644|Optimus, Episcopus|0.583 || 119491982|Heliopolitanus|0.476 || 1172123977|Casius, Gott|0.476 || 118983466|Dolichenus|0.471",Q108167797|Optimus|1.000|two-legged robot || Q957576|Nvidia Optimus|1.000|technology by Nvidia || Q3884254|Optimus|1.000|album by John Norum || Q836272|zhuangyuan|1.000|title given to the scholar who achieved the highest score on highest level of the Imperial examination in ancient China and Vietnam || Q2003299|Optimus Maximus keyboard|1.000|computer keyboard model from 2007,,,,
Orontius (Italienischer Bischof),ambiguous,Orontius,"1336740981|Orontius, Lecce, Bischof, Heiliger|0.689 || 1024554953|Orontius, Illiberitanus|0.583 || 120463709|Finé, Oronce|0.565 || 12110009X|Göttlinger, Orontius|0.320","Q983291|Oronce Finé|0.565|French mathematician and cartographer (*1494 – †1555) || Q112429027|Claude-Oronce Fine de Brianville|0.542| || Q752046|Orontius of Lecce|0.542|Bishop of Lecce || Q64762747|Orontius Alfarano-Capece|0.518|Roman Catholic bishop || Q123586543|Sant'Oronzo|0.468|religious building in Turi, Italy",,,,
Paulinus von Antiochia,ambiguous,Paulinus from Antiochia;Paulinus von Antiochia;Paulinus of Antiochia,"118875760|Paulinus, von Lucca|0.830",Q436391|Paulinus of Antioch|1.000|first Bishop of Lucca || Q106580978|Paulinus of Antioch|1.000|Wikimedia disambiguation page,,,,
Paulus (Apostel),ambiguous,Paulus,"103126384|Paulus, Meister|0.800 || 122720210|Paulus, Käte|0.769 || 117760269|Paulus, Eduard|0.727 || 1027004547|Paulus|0.649 || 100184049|Leopardus, Paulus|0.533","Q9200|Paul the Apostle|0.733|Early Christian apostle and missionary (c. AD 5 – c. 64/65) || Q2030691|Paul Joostens|0.667|Belgian cubist, dadaist and avantgarde painter (1889-1960) || Q4391614|Paulus|0.600|male given name || Q15732712|Paulus|0.600|family name || Q108481974|Paulus|0.600|Roman Catholic patriarch",,,,
Petrus (s. auch Kefas),ambiguous,Petrus,1292697377|Petrus|0.588 || 1291613951|Petrus|0.529 || 129553309X|Petrus|0.516 || 1294220233|Petrus|0.514 || 136282768|Petrus|0.513,Q153043|Feast of Saints Peter and Paul|0.611|anniversary || Q15897708|Petrus|0.480|male given name || Q33923|Saint Peter|0.480|apostle of Jesus Christ || Q20727004|Petrus|0.480|family name || Q17189650|Petrus|0.480|genus of fishes,,,,
Philippus (Apostel),ambiguous,Philippus,"129238235X|Philippus|0.743 || 102402744|Philippus, Macedo|0.727 || 1252692420|Philippus|0.692 || 1248730577|Philippus|0.692 || 136283160|Philippus|0.692",Q1379395|Philip Galle|0.750|Dutch engraver and publisher (1537–1612) || Q43675|Philip the Apostle|0.743|Christian saint and apostle || Q19970429|Philippus|0.692|male given name || Q37563156|Philippus|0.692|family name || Q64851757|Philippus|0.692|ancient Roman cognomen,,,,
Philippus (Presbyter),ambiguous,Philippus,"136283160|Philippus|0.698 || 102402752|Philippus, Megarensis|0.667 || 102402744|Philippus, Macedo|0.667 || 1252692420|Philippus|0.643 || 1248730577|Philippus|0.643",Q1379395|Philip Galle|0.647|Dutch engraver and publisher (1537–1612) || Q19970429|Philippus|0.643|male given name || Q37563156|Philippus|0.643|family name || Q64851757|Philippus|0.643|ancient Roman cognomen || Q43675|Philip the Apostle|0.643|Christian saint and apostle,,,,
Photios (Presbyter),ambiguous,Photios,"118594095|Photios I., Konstantinopel, Patriarch, Heiliger|0.667 || 1219164976|Katzoúros, Phṓtios P.|0.500 || 15855163X|Malleros, Photios K.|0.457 || 1031884572|Kladakis, Photios M.|0.457 || 116524804|Cladakis, Photios M...|0.457","Q243187|Photios I of Constantinople|0.615|9th Century Ecumenical Patriarch of Constantinople || Q22955876|Fotis Petsas|0.606|Greek archaeologist || Q718025|Patriarch Fotios II of Constantinople|0.593|265th Ecumenical Patriarch of Constantinople || Q3749177|Photius|0.583|stepson of Belisarius, honorary consul and abbot || Q3813712|Photian schism|0.562|9th-century schism between Rome and Constantinople",,,,
Poseidonios (Diakon Kyrills),ambiguous,Poseidonios,"102404216|Posidonius, Corinthius|0.735 || 118595946|Posidonius, Rhodius|0.711 || 102404224|Posidonius, Olbiopolitanus|0.692 || 118503626|Apion, Oasites|0.423",Q1239772|Posidonius|0.653|ancient sculptor and engraver || Q185770|Posidonius|0.595|Greek Stoic philosopher (c.135 – c.51 BC) || Q1480389|13129 Poseidonios|0.595|asteroid || Q7233014|Poseidonius|0.595|engineer of Alexander the Great || Q1239775|Poseidonius|0.595|Stoic philosopher,,,,
Praylios von Jerusalem,no_match,Praylios of Jerusalem;Praylios from Jerusalem;Praylios von Jerusalem,,,,,,
Proklos von Kyzikos,ambiguous,Proklos from Kyzikos;Proklos von Kyzikos;Proklos of Kyzikos,"119129701|Proclus, Constantinopolitanus|1.000 || 118641778|Proclus, Diadochus|1.000",,,,,
Rufus von Thessaloniki,no_match,Rufus of Thessaloniki;Rufus von Thessaloniki;Rufus from Thessaloniki,,,,,,
Salomon,ambiguous,Salomon,"139745025|Salomon|1.000 || 12994307X|Salomon, Hermann|1.000 || 115629165|Salomon, Salomon Jakob|0.778 || 121885895|Lentz, Salomon|0.737 || 121683761|Brandes, Salomon|0.700",Q18421743|Salomon|1.000|male given name || Q16029694|Salomon|1.000|family name || Q2120822|Salomon|1.000|French company featuring outdoor apparel and sportswear || Q6403624|Carl E. Salomon|1.000|botanist (1829-1899) || Q593409|Salomon|1.000|name,,,,
Samuel,ambiguous,Samuel,"1077203187|Samuel|1.000 || 1031589406|Samuel|1.000 || 1055542043|Smith, Samuel|0.706 || 123160219|Francke, Samuel|0.667 || 13303187X|Rühling, Samuel|0.632",Q629347|Samuel|1.000|male given name || Q656179|Samuel|1.000|family name || Q1484446|Samuel|1.000|civil parish in Soure || Q6577515|Samuel|1.000|Biblical prophet and main figure of the First Book of Samuel || Q14650949|Sámuel|0.833|male given name,,,,
Saul,ambiguous,Saul,"130220817|Saul, Thilo|0.800 || 1208322443|Saul, Ludwig|0.800 || 132311534|Saul, Peeter|0.800 || 119475227|Saul, John|0.615 || 1209062925|Saul, Wendy|0.571","Q9302723|Saul|1.000|male given name || Q23779110|Saul|1.000|family name || Q28730|Saul|1.000|first king of the United Kingdom of Israel || Q109241975|Saul|1.000|lyric tragedy in 2 acts composed by Nicola Vaccaj. First representation in 1829 at Teatro di San Carlo, Naples || Q109241713|Saul|1.000|lyric tragedy in 4 acts composed by Antonio Buzzi. First representation in 1843 at Teatro Comunale, Ferrara",,,,
Sisinnius von Konstantinopel,no_match,Sisinnius of Konstantinopel;Sisinnius von Konstantinopel;Sisinnius from Konstantinopel,,,,,,
Sophronas (Ankläger Kyrills),no_match,Sophronas,,,,,,
Sosthenes,ambiguous,Sosthenes,"1314923803|La Rochefoucauld, Marie Charles Gabriel de|0.857 || 1349393568|Behn, Sosthenes|0.783 || 102406413|Sosthenes, Historicus|0.692 || 139573976|Kolb, Joseph Sosthenes von|0.545 || 1012311228|Kalanje, Ephraim S.|0.529",Q18583962|Sosthenes|1.000|genus of insects || Q1091308|Sosthenes|1.000|chief ruler of the synagogue at Corinth || Q24055296|Sosthenes|1.000|winged prophet who aids the Argonauts in the Bosphorus || Q102318534|Sosthenes Eze|0.818|anglican bishop in Nigeria || Q2378638|Sosthenes Behn|0.783|American businessman; founder of International Telephone & Telegraph (1882–1957),,,,
Stephanus,ambiguous,Stephanus,"1052834434|Stephanus|1.000 || 1294324667|Stephanus|1.000 || 1312233125|Stephanus Bretis|1.000 || 1157863485|Stephanus, Sanctus|0.900 || 104361352|Stephanus, Provincialis|0.750","Q17496752|Stephanus|1.000|male given name || Q161775|Saint Stephen|1.000|Deacon, martyr, and saint || Q18592473|Stephanus|1.000|genus of insects || Q4927100|Stephen|1.000|male given name || Q68911540|Stephanus|1.000|Roman Catholic bishop",,,,
Symeon Stylites,ambiguous,Symeon Stylites,"1159117985|Symeon Stylites|1.000 || 118620282|Simeon, Stylita, Senior, Heiliger|1.000 || 119469065|Symeon, der Stylit der Jüngere, Heiliger|1.000 || 1177100177|Marta, Heilige|0.462","Q3961042|Simeon Stylites|1.000|Wikimedia disambiguation page || Q2374508|Symeon|1.000|Wikimedia disambiguation page || Q310987|Simeon Stylites|0.933|Christian ascetic saint || Q17401675|Saint Symeon Stylites of Lesbos|0.732|Byzantine monk, ascetic, opponent of iconoclasm, saint || Q2742399|Simeon Stylites the Younger|0.698|Christian Saint",,,,
Teman,ambiguous,Teman,"1078439184|Teman, Catherine|0.500","Q805|Yemen|1.000|country in West Asia || Q37530384|Teman|1.000|family name || Q1546303|Teman|1.000|Edomite clan and an ancient biblical town of Arabia Petraea || Q12910917|Teman|1.000|village in Berat County, Albania || Q12711291|Teman|1.000|TV series in Malaysia",,,,
Thalassius (Vorleser/Mönch),ambiguous,Thalassius,"100961843|Thalassius, Caesariensis|0.744 || 102407215|Thalassius, Constantinopolitanus|0.711 || 102389357|Thalassius, Presbyter et Archimandrita|0.696 || 119847108|Thalassius, Conradus|0.622 || 1055716688|Thalassius, Petrus|0.605","Q2856154|Thalassius of Libya|0.578|bishop of Caesarea (7th century) || Q15728392|Thalassius|0.556|genus of arachnids || Q2408718|Thalassius|0.556|Roman politician, praefectus praetorio Orientis || Q25443438|Thalassius|0.556|Roman official (proximus libellorum) || Q3980353|Thalassius|0.556|Roman politician, bishop of Caesarea, 5th century",,,,
Theodosius (II.),ambiguous,Theodosius,"100962475|Theodosius, Archidiaconus|0.870 || 1157816495|Theodosius, Philippus|0.870 || 102407711|Theodosius, Grammaticus|0.750 || 103115455|Theodosius, Bithynus|0.750 || 122875699|Rihel, Theodosius|0.690","Q160353|Theodosius II|1.000|Byzantine Emperor (401–450) || Q46696|Theodosius I|0.960|Roman emperor from 379 to 395 || Q1174712|Theodosius|0.870|male given name || Q16869|Constantinople|0.870|capital of the Eastern Roman, Latin and Ottoman Empires, currently Istanbul, Turkey || Q354997|Theodosius|0.870|Byzantine emperor; son of Byzantine Emperor Maurice",,,,
Theodotos von Antiochia,no_match,Theodotos von Antiochia;Theodotos from Antiochia;Theodotos of Antiochia,,,,,,
Thomas,ambiguous,Thomas,"134897943|Thomas|1.000 || 107643987|Thomas, Reinhard|1.000 || 1080776567|Thomas, Thomas L.|0.857 || 1117729877|Thomas, Thomas Henry|0.800 || 1036988651|Thomas, Thomas|0.632",Q16428906|Thomas|1.000|male given name || Q1413324|Thomas|1.000|family name || Q43669|Thomas the Apostle|1.000|Apostle of Jesus Christ || Q55810485|Thomas|1.000|fictional character in the film series Underworld || Q3297193|Thomas Östros|0.600|Swedish economist and politician (born 1965),,,,
Timotheus,ambiguous,Timotheus,"119843242|Sturm, Timotheus|0.750 || 131999060|Compenius, Timotheus|0.720 || 115786094X|Stieler, Timotheus|0.720 || 120067250|Culand, Timotheus|0.720 || 1261937740|Culandus, Timotheus|0.720","Q19968404|Timotheus|1.000|male given name || Q107112079|Timotheus|1.000|priest and saint || Q119167457|Timotheus|1.000|genus of insects || Q131489|Second Epistle to Timothy|1.000|book of the New Testament attributed to Paul || Q212647|Timothy|1.000|1st century Christian evangelist, philosopher and bishop",,,,
Titus,ambiguous,Titus,"135424798|Titus|1.000 || 120203359|Titus, Antoine|1.000 || 121297691|Thomae, Titus|0.667 || 1185113789|Didius, Titus|0.615 || 172899303|Boeder, Titus|0.588",Q12902246|Titus|1.000|male given name || Q37508063|Titus|1.000|family name || Q21473990|Titus|1.000|ancient Roman praenomen || Q2164808|Titus|1.000|American television sitcom || Q1421|Titus|1.000|tenth Roman Emperor (79–81),,,,
Valentinianus,ambiguous,Valentinianus,"102409013|Valentinianus, Gnosticus|0.788 || 118803743|Valentinian I., Römisches Reich, Kaiser|0.765 || 121533638|Fischer, Valentinian|0.765 || 118931962|Valentinian III., Römisches Reich, Kaiser|0.765 || 119145111|Valentinian II., Römisches Reich, Kaiser|0.765",Q114397702|Valentinianus|1.000|ancient Roman cognomen || Q120200381|Valentinianus|1.000|article in the Dictionary of Christian Biography and Literature to the End of the Sixth Century || Q45268045|Valentinianus|1.000|dictionary entry || Q46720|Valentinian I|0.929|Roman emperor from 364 to 375 || Q46846|Valentinian II|0.897|Roman emperor from 375 to 392,,,,
Valerius (cubicularius),ambiguous,Valerius,"12258693X|Valerius, Petrus|0.667 || 1157999646|Valerius, Bergidensis|0.634 || 1235729230|Valerius|0.629 || 1063012082|Baudrexel, Valerius|0.545 || 129833150|Jasch, Valerius|0.457",Q32979453|Valerius|0.552|ancient Roman nomen || Q18632293|Valerius|0.552|male given name || Q54575867|Valerius|0.552|Gallo-Roman saint martyred in 287 AD || Q2329031|Valerius|0.552|Byzantine consul 432 AD || Q6221480|Valerius|0.552|Archbishop of Uppsala,,,,
Viktor (Ankläger Kyrills),ambiguous,Viktor,"1120027195|Lorenc, Viktor|0.512 || 131736582|Gončar, Viktor|0.410 || 1230887164|Kalašnikov, Viktor|0.408 || 12287935X|Horsting, Viktor|0.400 || 138626618|Omelianenko, Viktor|0.364","Q219578|Victoria Cross|0.526|highest military decoration awarded by the UK and the Commonwealth || Q109067|Viktor Dyk|0.471|Czech poet, prose writer, playwright, politician and political writer (1877-1931) || Q36687|Victoria|0.424|state of Australia || Q98545444|Viktoria Athina Giakoumopoulou|0.407|Greek particle physicist || Q16430022|Viktor|0.400|male given name",,,,
Vitalius von Antiochia,no_match,Vitalius von Antiochia;Vitalius of Antiochia;Vitalius from Antiochia,,,,,,
